{"cameraMode":{"drawMode":0,"name":"Shaded","section":"Shading Mode"},"sceneLighting":true,"audioPlay":false,"sceneViewState":{"m_AlwaysRefresh":false,"showFog":true,"showSkybox":true,"showFlares":true,"showImageEffects":true,"showParticleSystems":true,"showVisualEffectGraphs":true,"m_FxEnabled":true},"in2DMode":false,"pivot":{"x":4.871199607849121,"y":-0.8018550872802734,"z":0.5461959838867188},"rotation":{"x":-0.4011368751525879,"y":0.01457617711275816,"z":-0.006382542662322521,"w":-0.9158879518508911},"size":13.057806968688965,"orthographic":false}