{"cameraMode":{"drawMode":0,"name":"Shaded","section":"Shading Mode"},"sceneLighting":false,"audioPlay":false,"sceneViewState":{"m_AlwaysRefresh":false,"showFog":true,"showSkybox":false,"showFlares":true,"showImageEffects":true,"showParticleSystems":true,"showVisualEffectGraphs":true,"m_FxEnabled":true},"in2DMode":false,"pivot":{"x":2.140049934387207,"y":-2.384185791015625e-7,"z":-1.5135869979858399},"rotation":{"x":0.020503869280219079,"y":0.2724454700946808,"z":-0.005798816680908203,"w":0.961951732635498},"size":1.1869505643844605,"orthographic":false}